,Review,Rating
0,"[[('Consegui', 'VERB'), ('acessar', 'VERB'), ('t√≠tulo', 'NOUN'), ('extrema', 'ADJ'), ('facilidade', 'NOUN')]]",5
1,"[[('Instalei', 'NOUN'), ('final', 'NOUN'), ('semana', 'NOUN'), ('funcionou', 'VERB'), ('procurar', 'VERB'), ('cadastro', 'NOUN'), ('deu', 'VERB'), ('erro', 'NOUN')], [('realizar', 'VERB'), ('cadastro', 'NOUN'), ('hor√°rio', 'NOUN'), ('comercial', 'ADJ'), ('colocando', 'VERB'), ('nomes', 'NOUN'), ('pais', 'NOUN'), ('constarem', 'VERB'), ('t√≠tulo', 'NOUN'), ('funcionou', 'VERB'), ('direitinho', 'NOUN')]]",4
2,"[[('funciona', 'VERB'), ('pode', 'VERB'), ('colocar', 'VERB'), ('dados', 'NOUN'), ('acento', 'NOUN'), ('acento', 'NOUN'), ('colocar', 'VERB'), ('barras', 'NOUN'), ('aparecem', 'VERB'), ('digita', 'VERB'), ('data', 'NOUN'), ('software', 'NOUN'), ('d√©cadas', 'NOUN'), ('fazia', 'VERB'), ('dinheiro', 'NOUN'), ('povo', 'NOUN'), ('jogado', 'VERB'), ('lixo', 'NOUN')]]",1
3,"[[('Funciona', 'VERB')]]",5
4,"[[('consulto', 'NOUN'), ('t√≠tulo', 'NOUN'), ('site', 'NOUN'), ('justi√ßa', 'NOUN'), ('eleitoral', 'ADJ'), ('consigo', 'VERB'), ('ver', 'VERB'), ('dados', 'NOUN'), ('local', 'ADJ'), ('vota√ß√£o', 'NOUN')], [('tento', 'VERB'), ('usar', 'VERB'), ('diz', 'VERB'), ('eleitor', 'NOUN'), ('encontrado', 'VERB')], [('Visto', 'VERB'), ('√∫nico', 'ADJ'), ('reclamando', 'VERB'), ('problema', 'NOUN'), ('passou', 'VERB'), ('hora', 'NOUN'), ('desenvolvedores', 'NOUN'), ('corrigirem', 'VERB')]]",1
5,"[[('Funcionando', 'VERB'), ('LG', 'NOUN'), ('Q6+', 'NOUN')], [('dados', 'NOUN'), ('entraram', 'VERB'), ('consegui', 'VERB'), ('visualizar', 'VERB'), ('certificados', 'VERB')], [('bom', 'ADJ'), ('pr√°tico', 'ADJ')]]",5
6,"[[('√∫til', 'ADJ')]]",5
7,"[[('vou', 'VERB'), ('logar', 'VERB'), ('aparece', 'VERB'), ('aviso', 'NOUN'), ('tentar', 'VERB')], [('consegui', 'VERB'), ('acessar', 'VERB'), ('vez', 'NOUN')], [('Horr√≠vel', 'ADJ')]]",1
8,"[[('Tenho', 'VERB'), ('comparecer', 'VERB'), ('Zona', 'NOUN'), ('Eleitoral', 'NOUN'), ('mudar', 'VERB'), ('foto', 'NOUN'), ('existindo', 'VERB'), ('foto', 'NOUN'), ('t√≠tulo', 'NOUN')]]",4
9,"[[('voto', 'NOUN'), ('deveria', 'VERB'), ('deixar', 'VERB'), ('ser', 'VERB'), ('obrigatorio', 'NOUN'), ('votar', 'VERB'), ('net', 'NOUN')], [('Politicos', 'NOUN'), ('corruptos', 'NOUN'), ('deveriam', 'VERB'), ('ser', 'VERB'), ('excluidos', 'VERB'), ('impedidos', 'VERB'), ('candidatarem', 'VERB')]]",3
10,"[[('Preenchi', 'NOUN'), ('dados', 'NOUN'), ('t√≠tulo', 'NOUN'), ('identifica√ß√£o', 'NOUN'), ('biom√©trica', 'NOUN'), ('aparece', 'VERB'), ('pop-up', 'NOUN'), ('Aten√ß√£o', 'NOUN'), ('informa√ß√£o', 'NOUN'), ('bot√£o', 'VERB'), ('ok', 'NOUN')]]",1
11,"[[('Funcionou', 'VERB')]]",5
12,"[[('variar', 'VERB'), ('funciona', 'VERB')], [('Preenchi', 'NOUN'), ('dados', 'NOUN'), ('apresentar', 'VERB'), ('mensagem', 'NOUN'), ('falando', 'VERB'), ('Aten√ß√£o', 'NOUN'), ('tente', 'VERB'), ('dias', 'NOUN')], [('üò†üò°', 'NOUN')]]",1
13,"[[('consigo', 'VERB'), ('cadastrar', 'VERB'), ('dados', 'NOUN'), ('pede', 'VERB'), ('tentar', 'VERB')], [('Estou', 'VERB'), ('tentando', 'VERB'), ('m√™s', 'NOUN')]]",1
14,"[[('integra', 'VERB'), ('cadastro', 'NOUN'), ('biom√©trico', 'ADJ'), ('realizado', 'VERB')]]",1
15,"[[('Horrivel', 'ADJ'), ('vezes', 'NOUN'), ('mensagem', 'NOUN'), ('ocorreu', 'VERB'), ('erro', 'NOUN'), ('sistema', 'NOUN'), ('consegui', 'VERB'), ('acessar', 'VERB'), ('informa√ß√µes', 'NOUN'), ('pessimo', 'ADJ'), ('app..', 'NOUN')]]",1
16,"[[('funciona', 'VERB')], [('Diz', 'VERB'), ('ocorreu', 'VERB'), ('erro', 'NOUN')]]",1
17,"[[('Aplicativo', 'ADJ'), ('√∫til', 'ADJ'), ('vota√ß√µes', 'NOUN'), ('libera√ß√£o', 'NOUN'), ('ANAC', 'NOUN'), ('usar', 'VERB'), ('identifica√ß√£o', 'NOUN'), ('check-in', 'NOUN'), ('v√¥os', 'NOUN')]]",5
18,"[[('propaganda', 'NOUN'), ('governo', 'NOUN'), ('√©', 'VERB'), ('fez', 'VERB'), ('identifica√ß√£o', 'NOUN'), ('biom√©trica', 'NOUN'), ('faz', 'VERB'), ('e-titulo', 'NOUN'), ('facilidade', 'NOUN')], [('√©', 'VERB')], [('√©', 'VERB'), ('tosco', 'ADJ')], [('informar', 'VERB'), ('data', 'NOUN'), ('nascimento', 'NOUN'), ('digitar', 'VERB'), ('barras', 'NOUN')]]",2
19,"[[('Est√°', 'VERB'), ('informando', 'VERB'), ('erros', 'NOUN'), ('reconhecimento', 'NOUN'), ('dados', 'NOUN')]]",1
20,"[[('Funcionou', 'VERB'), ('parab√©ns', 'NOUN')], [('sigam', 'VERB'), ('caminho', 'NOUN'), ('documentos', 'NOUN')]]",5
21,"[[('T√°', 'VERB'), ('dando', 'VERB'), ('√≥dio', 'NOUN')], [('Preencho', 'NOUN'), ('dados', 'NOUN'), ('fala', 'VERB'), ('eleitor', 'NOUN'), ('encontrado', 'VERB')], [('sei', 'VERB'), ('√©', 'VERB'), ('fiz', 'VERB'), ('t√≠tulo', 'NOUN'), ('dia', 'NOUN'), ('18/05/18', 'NOUN'), ('Espero', 'VERB'), ('solu√ß√£o', 'NOUN'), ('tava', 'NOUN'), ('empolgado', 'VERB'), ('decepcionei', 'VERB')]]",1
22,"[[('App', 'NOUN'), ('intuitivo', 'ADJ'), ('funcionou', 'VERB'), ('velocidade', 'NOUN'), ('absurda', 'ADJ')]]",5
23,"[[('Funcionou', 'VERB'), ('cmg', 'NOUN')]]",5
24,"[[('√â', 'VERB'), ('interessante', 'ADJ')], [('opini√£o', 'NOUN'), ('deveria', 'VERB'), ('funcionar', 'VERB'), ('off-line', 'NOUN')]]",3
25,"[[('Brazil', 'NOUN'), ('lixo', 'NOUN')]]",1
26,"[[('Fiz', 'VERB'), ('preenchimento', 'NOUN'), ('aplicativo', 'ADJ'), ('criado', 'VERB'), ('√≥rg√£o', 'NOUN'), ('p√∫blico', 'ADJ'), ('brasileiro', 'ADJ'), ('apresentou', 'VERB'), ('seguintes', 'ADJ'), ('avisos', 'NOUN'), ('Aten√ß√£o', 'NOUN'), ('Tente', 'VERB')], [('conex√£o', 'NOUN'), ('Favor', 'NOUN'), ('comparecer', 'VERB'), ('Tribunal', 'NOUN'), ('eleitoral', 'ADJ'), ('H√°', 'VERB'), ('erros', 'NOUN'), ('divergentes', 'NOUN'), ('Acabei', 'VERB'), ('entrar', 'VERB'), ('site', 'NOUN'), ('TSE', 'NOUN'), ('√©', 'VERB'), ('erros', 'NOUN'), ('cadastro', 'NOUN')], [('üèÉ\u200d‚ôÇÔ∏èüèÉ\u200d‚ôÇÔ∏èüèÉ\u200d‚ôÇÔ∏è', 'NOUN'), ('desse', 'VERB'), ('aplicativo', 'ADJ')]]",1
27,"[[('lixo', 'NOUN')], [('Coloquei', 'VERB'), ('informa√ß√µes', 'NOUN'), ('vezes', 'NOUN'), ('diz', 'VERB'), ('eleitor', 'NOUN'), ('encontrado', 'VERB')], [('erro', 'NOUN'), ('programa', 'NOUN'), ('apaga', 'NOUN'), ('primeiro', 'ADJ'), ('d√≠gito', 'NOUN'), ('inscri√ß√£o', 'NOUN'), ('come√ßa', 'VERB'), ('caso', 'NOUN')], [('facilitador', 'NOUN')], [('propaganda', 'NOUN')], []]",1
28,"[[('aplicativo', 'ADJ'), ('criado', 'VERB'), ('√≥rg√£o', 'NOUN'), ('p√∫blico', 'ADJ')], [('deve', 'VERB'), ('funcionar', 'VERB'), ('FUNCIONA', 'NOUN'), ('SIM', 'NOUN')], [('Carregou', 'VERB'), ('dados', 'NOUN'), ('rapidinho', 'NOUN'), ('emite', 'NOUN'), ('certid√£o', 'NOUN'), ('crimes', 'NOUN'), ('eleitorais', 'ADJ'), ('local', 'NOUN'), ('vota√ß√£o..', 'NOUN'), ('nota', 'NOUN')]]",5
29,"[[('continuo', 'VERB'), ('tendo', 'VERB'), ('problemas', 'NOUN')], [('biometria', 'NOUN'), ('processamento', 'NOUN')], [('suporte', 'NOUN'), ('encerrando', 'VERB'), ('chamado', 'ADJ'), ('resolvido', 'VERB'), ('resolveu', 'VERB'), ('e-Titulo', 'NOUN'), ('estar', 'VERB'), ('completo', 'ADJ'), ('creio', 'VERB'), ('estar', 'VERB'), ('deixando', 'VERB'), ('inscri√ß√£o', 'NOUN'), ('mes√°rio', 'NOUN'), ('eterno', 'NOUN'), ('processamento', 'NOUN')]]",1
30,"[[('Precisa', 'VERB'), ('Internet', 'NOUN'), ('acessar', 'VERB')]]",1
31,"[[('funcionou', 'VERB'), ('gostaria', 'VERB'), ('saber', 'VERB'), ('objetivo', 'NOUN'), ('vou', 'VERB'), ('levar', 'VERB'), ('celular', 'ADJ'), ('votar', 'VERB'), ('precisar', 'VERB'), ('documento', 'NOUN')]]",4
32,"[[('Funciona', 'VERB')], [('digite', 'NOUN'), ('dados', 'NOUN'), ('titulo', 'NOUN'), ('segundos', 'NOUN'), ('palma', 'NOUN'), ('m√£o', 'NOUN')], [(':3', 'NOUN')]]",5
33,"[[('Horr√≠vel', 'ADJ'), ('√±', 'NOUN'), ('consegui', 'VERB'), ('acessar', 'VERB'), ('t√≠tulo', 'NOUN'), ('QR', 'NOUN'), ('CODE', 'NOUN'), ('banco', 'NOUN'), ('dados', 'NOUN'), ('bugs', 'NOUN')]]",1
34,"[[('√â', 'VERB'), ('brincadeira', 'NOUN')], [('criado', 'VERB'), ('institui√ß√£o', 'NOUN'), ('p√∫blica', 'ADJ'), ('Brasill', 'NOUN'), ('QUE', 'NOUN'), ('FUNCIONA', 'NOUN'), ('VERDADE', 'NOUN')], [('pode', 'VERB'), ('ser', 'VERB')], [('Devo', 'VERB'), ('estar', 'VERB'), ('AI', 'NOUN')], [], [('e-T√≠tulo', 'NOUN'), ('instalou', 'VERB'), ('problemas', 'NOUN'), ('ocupa', 'VERB'), ('mem√≥ria', 'NOUN'), ('olha', 'VERB'), ('J√Å', 'NOUN'), ('GEROU', 'NOUN'), ('T√çTULO', 'NOUN')], [('Foi', 'VERB'), ('alimentar', 'VERB'), ('dados', 'NOUN'), ('pimba', 'NOUN')], [('Emite', 'NOUN'), ('certid√£o', 'NOUN'), ('quita√ß√£o', 'NOUN')], [('faltava', 'VERB'), ('resto', 'NOUN'), ('autarquias', 'NOUN'), ('tomarem', 'VERB'), ('vergonha', 'NOUN'), ('cara', 'NOUN'), ('fazerem', 'VERB'), ('documentos', 'NOUN'), ('p√∫blicos', 'ADJ')], [('junta', 'NOUN'), ('reconhecimento', 'NOUN'), ('facial', 'ADJ'), ('b√°sico', 'ADJ'), ('conectividades', 'NOUN'), ('intera√ß√µes', 'NOUN'), ('opcionais', 'ADJ'), ('aspectos', 'NOUN'), ('vida', 'NOUN'), ('cidad√£o', 'NOUN'), ('CTPS', 'NOUN'), ('CNH', 'NOUN'), ('score', 'NOUN'), ('cr√©dito', 'NOUN'), ('unifica', 'NOUN'), ('mum', 'NOUN'), ('deixa', 'VERB'), ('brasileiro', 'NOUN'), ('feliz', 'ADJ'), ('MUD√âINO', 'NOUN')], [('XD', 'NOUN')]]",5
35,"[[('direito', 'NOUN'), ('dessa', 'VERB'), ('atualiza√ß√£o', 'NOUN'), ('ok', 'NOUN')]]",5
36,"[[('compet√™ncia', 'NOUN'), ('deve', 'VERB'), ('ter', 'VERB'), ('sido', 'VERB'), ('feito', 'VERB'), ('SERPRO', 'NOUN')]]",5
37,"[[('Funciona', 'VERB'), ('seguran√ßa', 'NOUN'), ('caso', 'NOUN'), ('celular', 'ADJ'), ('roubado', 'VERB'), ('vc', 'NOUN'), ('apagar', 'VERB'), ('dados', 'NOUN'), ('pode', 'VERB'), ('ter', 'VERB'), ('acesso', 'NOUN'), ('informa√ß√µes', 'NOUN')]]",3
38,"[[('√©', 'VERB'), ('funciona', 'VERB')]]",5
39,"[[('Funciona', 'VERB'), ('idea', 'NOUN'), ('legal', 'ADJ'), ('poderia', 'VERB'), ('ser', 'VERB'), ('integrado', 'VERB'), ('apps', 'NOUN'), ('documentos', 'NOUN'), ('digitais', 'ADJ'), ('exemplo', 'NOUN'), ('CNH', 'NOUN')], [('Seeia', 'NOUN'), ('legal', 'ADJ'), ('tambem', 'VERB'), ('op√ßao', 'NOUN'), ('trocar', 'VERB'), ('zona', 'NOUN'), ('eleitoral', 'ADJ')]]",5
40,"[[('Funciona', 'VERB'), ('faz', 'VERB'), ('diz', 'VERB'), ('√©', 'VERB'), ('documento', 'NOUN'), ('f√≠sico', 'ADJ'), ('lidar', 'VERB')]]",5
41,"[[('funciona', 'VERB')]]",1
42,"[[('Chega', 'VERB'), ('dar', 'VERB'), ('vontade', 'NOUN'), ('procurar', 'VERB'), ('dinheiro', 'NOUN'), ('investido', 'VERB'), ('fazer', 'VERB')]]",2
43,"[[('funciona', 'VERB')]]",1
44,"[[('Fala', 'VERB'), ('ta', 'NOUN'), ('errado', 'VERB'), ('ir', 'VERB'), ('ate', 'NOUN'), ('cartorio', 'NOUN'), ('eleitoral', 'ADJ'), ('pq', 'NOUN'), ('acabei', 'VERB'), ('tirar', 'VERB'), ('titulo', 'NOUN')]]",1
45,"[[('problema', 'NOUN')]]",5
46,"[[('bom', 'ADJ'), ('funciona', 'VERB'), ('direitinho', 'NOUN'), ('√©', 'VERB'), ('claro', 'ADJ'), ('sido', 'VERB'), ('cadastrado', 'VERB'), ('identifica√ß√£o', 'NOUN'), ('biom√©trica', 'NOUN')]]",5
47,"[[('consigo', 'VERB'), ('logar', 'VERB'), ('diz', 'VERB'), ('existo', 'NOUN'), ('cadastro', 'NOUN')]]",1
48,"[[('funciona', 'VERB'), ('feijoada', 'NOUN')]]",1
49,"[[('droga', 'NOUN'), ('biometria', 'NOUN'), ('pronta', 'ADJ'), ('coloquei', 'VERB'), ('dados', 'NOUN'), ('diz', 'VERB'), ('encontrada', 'VERB'), ('devo', 'VERB'), ('ser', 'VERB'), ('morto', 'VERB'), ('justi√ßa', 'NOUN'), ('eleitoral', 'ADJ'), ('votar', 'VERB'), ('justificar', 'VERB'), ('passo', 'NOUN'), ('existir', 'VERB')], [('Pobre', 'ADJ'), ('Brasil', 'NOUN')], []]",1
50,"[[('problemas', 'NOUN')], [('Perfeito', 'NOUN'), ('fun√ß√£o', 'NOUN')]]",5
51,"[[('Simples', 'ADJ'), ('funcional', 'NOUN')]]",5
52,"[[('aplicativo', 'ADJ'), ('der', 'VERB'), ('erro', 'NOUN'), ('conex√£o', 'NOUN'), ('internet', 'NOUN'), ('√©', 'VERB'), ('reiniciar', 'VERB'), ('aparelho', 'NOUN'), ('instala√ß√£o', 'NOUN')]]",4
53,"[[('diz', 'VERB'), ('t√≠tulo', 'NOUN'), ('ah', 'NOUN'), ('fala', 'VERB'), ('s√©rio', 'ADJ')], [('fiz', 'VERB'), ('biometria', 'NOUN')]]",1
54,"[[('aplicativo', 'ADJ'), ('fala', 'VERB'), ('q', 'NOUN'), ('nao', 'NOUN'), ('existo', 'NOUN'), ('dadoso', 'ADJ'), ('inseridos', 'VERB')]]",1
55,"[[('faz', 'VERB'), ('funciona', 'VERB'), ('nao', 'NOUN'), ('achou', 'VERB')]]",1
56,"[[('dever', 'VERB')]]",5
57,"[[('funciona', 'VERB'), ('diz', 'VERB'), ('conseguiu', 'VERB'), ('conectar', 'VERB'), ('servidor', 'ADJ')], [('P√©ssimo', 'ADJ')]]",1
58,"[[('Diz', 'VERB'), ('conex√£o', 'NOUN'), ('internet', 'NOUN'), ('celular', 'ADJ'), ('conectado', 'VERB'), ('wi-fi', 'NOUN'), ('4G', 'NOUN')]]",1
59,"[[('Ruim', 'NOUN')]]",1
60,"[[('forma', 'NOUN'), ('trocar', 'VERB'), ('foto', 'NOUN')], [('üòÇüòÇ', 'NOUN')]]",4
61,"[[('comerciais', 'ADJ'), ('desta', 'NOUN'), ('aplica√ß√£o', 'NOUN'), ('come√ßam', 'VERB'), ('dizendo', 'VERB'), ('pode', 'VERB'), ('ser', 'VERB'), ('usada', 'VERB'), ('perdeu', 'VERB'), ('t√≠tulo', 'NOUN'), ('eleitor', 'NOUN')], [('perdeu', 'VERB'), ('t√≠tulo', 'NOUN'), ('eleitor', 'NOUN'), ('pode', 'VERB'), ('lembrar', 'VERB'), ('n√∫mero', 'NOUN'), ('inscri√ß√£o', 'NOUN'), ('t√≠tulo', 'NOUN')], [('aplica√ß√£o', 'NOUN'), ('pede', 'VERB'), ('nome', 'NOUN'), ('pessoa', 'NOUN'), ('data', 'NOUN'), ('nascimento', 'NOUN'), ('nomes', 'NOUN'), ('pai', 'NOUN'), ('m√£e', 'NOUN'), ('precisa', 'VERB'), ('n√∫mero', 'NOUN'), ('inscri√ß√£o', 'NOUN'), ('eleitor', 'NOUN')]]",3
62,"[[('ideia', 'NOUN'), ('excepcional', 'ADJ'), ('execu√ß√£o', 'NOUN'), ('desastrosa', 'ADJ')], [('APP', 'NOUN'), ('d√°', 'VERB'), ('erro', 'NOUN'), ('d', 'NOUN'), ('verificar', 'VERB'), ('conex√£o', 'NOUN'), ('internet', 'NOUN'), ('WiFi', 'NOUN'), ('3/4G', 'NOUN'), ('ativos', 'NOUN')], [('Exige', 'VERB'), ('n√∫mero', 'NOUN'), ('t√≠tulo', 'NOUN'), ('p', 'NOUN'), ('acessar', 'VERB'), ('APP', 'NOUN'), ('sendo', 'VERB'), ('q', 'NOUN'), ('internet', 'NOUN'), ('conseguimos', 'VERB'), ('consultar', 'VERB'), ('n√∫mero', 'NOUN'), ('t√≠tulo', 'NOUN'), ('nm', 'NOUN'), ('completo', 'ADJ'), ('dt', 'NOUN'), ('nascimento', 'NOUN'), ('nm', 'NOUN'), ('m√£e', 'NOUN')], [('App', 'NOUN'), ('ruim', 'ADJ')]]",1
63,"[[('Aplicativo', 'ADJ'), ('acessa', 'VERB')], [('erro', 'NOUN')]]",1
64,"[[('Diz', 'VERB'), ('acesso', 'NOUN'), ('internet', 'NOUN')], [('Pior', 'ADJ'), ('propaganda', 'NOUN'), ('rede', 'NOUN'), ('nacional', 'ADJ'), ('funciona', 'VERB'), ('vergonha', 'NOUN')]]",1
65,"[[('Coloquem', 'VERB'), ('op√ß√£o', 'NOUN'), ('pesquisar', 'VERB'), ('n√∫mero', 'NOUN'), ('t√≠tulo', 'NOUN'), ('vai', 'VERB'), ('ser', 'VERB'), ('ferramenta', 'VERB'), ('√∫til', 'ADJ')]]",3
66,"[[('abro', 'NOUN'), ('aplicativo', 'ADJ'), ('fica', 'VERB'), ('tela', 'NOUN'), ('bramca', 'NOUN')], [('aplicativo', 'ADJ'), ('cont√©m', 'VERB'), ('erros', 'NOUN'), ('respons√°veis', 'ADJ'), ('devem', 'VERB'), ('arrumar', 'VERB')]]",1
67,"[[('Comigo', 'NOUN'), ('funcionou', 'VERB')], [('colocam', 'VERB'), ('prints', 'NOUN'), ('Google', 'NOUN'), ('play', 'NOUN'), ('rodando', 'VERB'), ('iOS', 'NOUN')]]",1
68,"[[('Coloco', 'NOUN'), ('dados', 'NOUN'), ('aparece', 'VERB'), ('mensagem', 'NOUN'), ('eleitor', 'NOUN'), ('encontrado', 'VERB')], [('Verifiquei', 'VERB'), ('dados', 'NOUN'), ('vez', 'NOUN'), ('certo', 'ADJ'), ('consigo', 'VERB'), ('usar', 'VERB')]]",1
69,"[[('TSE', 'NOUN'), ('faz', 'VERB'), ('propaganda', 'NOUN'), ('desse', 'VERB'), ('passar', 'VERB'), ('vergonha', 'NOUN')], [('preenchimento', 'NOUN'), ('dados', 'NOUN'), ('aparece', 'VERB'), ('mensagem', 'NOUN'), ('verifique', 'VERB'), ('conex√£o', 'NOUN'), ('estando', 'VERB'), ('wi-fi', 'NOUN'), ('ligado', 'VERB')], [('vejo', 'NOUN'), ('coment√°rio', 'NOUN'), ('repete', 'VERB'), ('vezes', 'NOUN'), ('pessoas', 'NOUN'), ('datas', 'NOUN'), ('divergentes', 'NOUN'), ('deveria', 'VERB'), ('ter', 'VERB'), ('sido', 'VERB'), ('concertado', 'VERB'), ('empresa', 'NOUN'), ('respons√°vel', 'ADJ')], [('confiar', 'VERB'), ('processo', 'NOUN'), ('eleitoral', 'ADJ'), ('digital', 'ADJ'), ('TSE', 'NOUN'), ('√©', 'VERB'), ('capaz', 'ADJ'), ('desenvolver', 'VERB'), ('simples', 'ADJ')], [('TSE', 'NOUN'), ('deve', 'VERB'), ('explica√ß√£o', 'NOUN'), ('formal', 'ADJ'), ('baixaram', 'VERB'), ('aplicativo', 'ADJ'), ('frustaram', 'VERB')], [('√â', 'VERB'), ('m√≠nimo', 'ADJ'), ('espera', 'VERB'), ('√≥rg√£os', 'NOUN'), ('importantes', 'ADJ'), ('democracia', 'NOUN'), ('brasileira', 'ADJ')]]",1
70,"[[('√©', 'VERB'), ('bom', 'ADJ'), ('foto', 'NOUN'), ('ta', 'NOUN'), ('horr√≠vel', 'ADJ'), ('kkkk', 'NOUN'), ('uso', 'NOUN'), ('pau', 'NOUN'), ('kkk', 'NOUN')]]",5
71,"[[('Aparece', 'VERB'), ('pop-up', 'NOUN'), ('escrito', 'VERB'), ('Aten√ß√£o', 'NOUN')]]",1
72,"[[('funciona', 'VERB'), ('acha', 'VERB'), ('cadastro', 'NOUN')]]",1
73,"[[('diz', 'VERB'), ('eleitor', 'NOUN'), ('encontrado', 'VERB')], [('reescrevi', 'VERB'), ('dados', 'NOUN'), ('funcionar', 'VERB')]]",1
74,"[[('Hahaha', 'NOUN'), ('trava', 'VERB'), ('%', 'NOUN')]]",1
75,"[[('adicionar', 'VERB'), ('informa√ß√µes', 'NOUN'), ('pop', 'NOUN'), ('up', 'NOUN'), ('nome', 'NOUN'), ('aten√ß√£o', 'NOUN'), ('aparece', 'VERB'), ('escrito', 'VERB'), ('disso', 'NOUN'), ('Chequei', 'VERB'), ('informa√ß√µes', 'NOUN'), ('iguais', 'ADJ'), ('uso', 'NOUN'), ('internet', 'NOUN'), ('fazer', 'VERB'), ('consultas', 'NOUN')]]",1
76,"[[('promete', 'VERB')]]",5
77,"[[('vers√£o', 'NOUN'), ('digital', 'ADJ'), ('t√≠tulo', 'NOUN'), ('eleitor', 'NOUN')], [('üëå', 'NOUN')]]",5
78,"[[('Pr√°tico', 'ADJ'), ('eficiente', 'ADJ')]]",5
79,"[[('Funciona', 'VERB')]]",5
80,"[[('conectou', 'VERB'), ('vamos', 'VERB'), ('ver', 'VERB'), ('dia', 'NOUN'), ('acontece', 'VERB')]]",3
81,"[[('informar', 'VERB'), ('dados', 'NOUN'), ('diz', 'VERB'), ('conex√£o', 'NOUN')]]",1
82,"[[('fala', 'VERB'), ('conex√£o', 'NOUN'), ('internet', 'NOUN')], [('salvar', 'VERB'), ('dados', 'NOUN')], [('pena', 'NOUN'), ('√©', 'VERB'), ('excelente', 'ADJ'), ('ideia', 'NOUN')]]",1
83,"[[('funcionou', 'VERB'), ('boa', 'ADJ')]]",5
84,"[[('App', 'NOUN'), ('bom', 'ADJ'), ('problemas', 'NOUN')]]",4
85,"[[('justi√ßa', 'NOUN'), ('eleitoral', 'ADJ'), ('brasileira', 'ADJ'), ('investe', 'VERB'), ('coisa', 'NOUN'), ('investe', 'VERB'), ('credibilidade', 'NOUN')]]",1
86,"[[('erro', 'NOUN'), ('conex√£o', 'NOUN'), ('internet', 'NOUN')]]",1
87,"[[('abre', 'VERB'), ('fica', 'VERB'), ('tela', 'NOUN'), ('branca', 'ADJ'), ('APP', 'NOUN'), ('funcionar', 'VERB'), ('vai', 'VERB'), ('ser', 'VERB'), ('boa', 'ADJ')]]",1
88,"[[('Aparece', 'VERB'), ('numero', 'NOUN'), ('inscricao', 'NOUN'), ('invalido', 'VERB'), ('sendo', 'VERB'), ('correto', 'ADJ')]]",1
89,"[[('Funciona', 'VERB')]]",5
90,"[[('P√©ssimo', 'ADJ'), ('App', 'NOUN')], [('preenchimento', 'NOUN'), ('dados', 'NOUN'), ('cadastrais', 'ADJ'), ('consta', 'VERB'), ('mensagem', 'NOUN'), (""'Aten√ß√£o"", 'NOUN')]]",1
91,"[[('inst√°vel', 'ADJ'), ('apresenta', 'VERB'), ('mensagem', 'NOUN'), ('conex√£o', 'NOUN'), ('tento', 'VERB'), ('fazer', 'VERB'), ('login', 'NOUN')]]",1
92,"[[('Pessimo', 'ADJ')]]",1
93,"[[('App', 'NOUN'), ('bosta', 'NOUN'), ('presta', 'NOUN'), ('governo', 'NOUN'), ('presta', 'NOUN')]]",1
94,"[[('proposta', 'NOUN'), ('boa', 'ADJ'), ('erro', 'NOUN')], [('Diz', 'VERB'), ('verificar', 'VERB'), ('conex√£o', 'NOUN'), ('internet', 'NOUN'), ('aparelho', 'NOUN'), ('conectado', 'VERB'), ('via', 'NOUN'), ('wi-fi', 'NOUN')]]",1
95,"[[('Diz', 'VERB'), ('conex√£o', 'NOUN'), ('internet', 'NOUN'), ('4G', 'NOUN'), ('Wi-fi', 'NOUN')], [('UX', 'NOUN'), ('ruim', 'ADJ')], [('Nao', 'NOUN'), ('op√ß√£o', 'NOUN'), ('lembrar', 'VERB'), ('n√∫mero', 'NOUN'), ('t√≠tulo', 'NOUN'), ('site', 'NOUN'), ('oferece', 'VERB'), ('recurso', 'NOUN'), ('nome', 'NOUN'), ('completo', 'ADJ'), ('data', 'NOUN'), ('nascimento', 'NOUN'), ('permite', 'VERB'), ('lembrar', 'VERB')]]",1
96,"[[('Est√°', 'VERB'), ('dando', 'VERB'), ('erro', 'NOUN'), ('conex√£o', 'NOUN')], [('TSE', 'NOUN'), ('faz', 'VERB'), ('propaganda', 'NOUN'), ('tv', 'NOUN'), ('desse', 'VERB'), ('defeituoso', 'ADJ')]]",1
97,"[[('consegui', 'VERB'), ('acesso', 'NOUN')], [('Informa', 'VERB'), ('verificar', 'VERB'), ('acesso', 'NOUN'), ('Internet', 'NOUN')]]",1
98,"[[('aparece', 'VERB'), ('conex√£o', 'NOUN'), ('internet', 'NOUN')]]",1
99,"[[('nao', 'NOUN'), ('funciona', 'VERB'), ('erro', 'NOUN'), ('conex√£o', 'NOUN'), ('internet', 'NOUN'), ('sendo', 'VERB'), ('testei', 'VERB'), ('redes', 'NOUN')]]",1
